{
  "deepseek_zeroshot.json": {
    "matching_filenames": 3,
    "exact": {
      "true_positives": 41,
      "false_positives": 100,
      "false_negatives": 44,
      "precision": 0.2907801418439716,
      "recall": 0.4823529411764706,
      "f1_score": 0.36283185840707965
    },
    "partial_overlap": {
      "true_positives": 59,
      "false_positives": 82,
      "false_negatives": 26,
      "precision": 0.41843971631205673,
      "recall": 0.6941176470588235,
      "f1_score": 0.5221238938053098
    }
  },
  "llama_fewshot.json": {
    "matching_filenames": 5,
    "exact": {
      "true_positives": 74,
      "false_positives": 188,
      "false_negatives": 80,
      "precision": 0.2824427480916031,
      "recall": 0.4805194805194805,
      "f1_score": 0.3557692307692308
    },
    "partial_overlap": {
      "true_positives": 100,
      "false_positives": 162,
      "false_negatives": 54,
      "precision": 0.3816793893129771,
      "recall": 0.6493506493506493,
      "f1_score": 0.48076923076923084
    }
  },
  "llama_zeroshot.json": {
    "matching_filenames": 5,
    "exact": {
      "true_positives": 55,
      "false_positives": 233,
      "false_negatives": 99,
      "precision": 0.1909722222222222,
      "recall": 0.35714285714285715,
      "f1_score": 0.248868778280543
    },
    "partial_overlap": {
      "true_positives": 94,
      "false_positives": 194,
      "false_negatives": 60,
      "precision": 0.3263888888888889,
      "recall": 0.6103896103896104,
      "f1_score": 0.4253393665158371
    }
  },
  "deepseek_fewshot.json": {
    "matching_filenames": 5,
    "exact": {
      "true_positives": 94,
      "false_positives": 108,
      "false_negatives": 60,
      "precision": 0.46534653465346537,
      "recall": 0.6103896103896104,
      "f1_score": 0.5280898876404494
    },
    "partial_overlap": {
      "true_positives": 108,
      "false_positives": 94,
      "false_negatives": 46,
      "precision": 0.5346534653465347,
      "recall": 0.7012987012987013,
      "f1_score": 0.6067415730337079
    }
  }
}